{
  "donationDraws": {
    "small": {
      "name": "Baby Donor",
      "minAmount": 0.5,
      "maxAmount": 0.5,
      "entries": {},
      "reward": "250",
      "maxEntries": 1000,
      "active": true,
      "drawTime": 1748030450250,
      "drawTimeFormatted": "Friday, May 23, 2025 at 08:00 PM UTC",
      "notificationSent": false,
      "manualEntriesOnly": true,
      "category": "monthly",
      "expirationDate": null,
      "createdAt": 1747944570417,
      "lastModified": 1748585581138,
      "modifiedBy": "659745190382141453"
    },
    "medium": {
      "name": "Medium Donor",
      "minAmount": 1,
      "maxAmount": 1,
      "entries": {},
      "reward": "500",
      "maxEntries": 1000,
      "active": true,
      "drawTime": 1748030411008,
      "drawTimeFormatted": "Friday, May 23, 2025 at 08:00 PM UTC",
      "notificationSent": false,
      "manualEntriesOnly": true,
      "category": "monthly",
      "expirationDate": null,
      "createdAt": 1747944570417,
      "lastModified": 1748585640873,
      "modifiedBy": "659745190382141453"
    },
    "large": {
      "name": "Vip Donor",
      "minAmount": 2.5,
      "maxAmount": 2.5,
      "entries": {},
      "reward": "750",
      "maxEntries": 1000,
      "active": true,
      "drawTime": 1748030430650,
      "drawTimeFormatted": "Friday, May 23, 2025 at 08:00 PM UTC",
      "notificationSent": false,
      "manualEntriesOnly": true,
      "category": "monthly",
      "expirationDate": null,
      "createdAt": 1747944570417,
      "lastModified": 1748585698772,
      "modifiedBy": "659745190382141453"
    },
    "montlydonor": {
      "name": "Monthly Donor Draw",
      "minAmount": 0,
      "maxAmount": 0,
      "reward": "250",
      "maxEntries": 1000,
      "entries": {
        "659745190382141453": 37,
        "1112677055662919692": 4
      },
      "active": true,
      "drawTime": 1748721630404,
      "drawTimeFormatted": "Saturday, May 31, 2025 at 08:00 PM UTC",
      "notificationSent": false,
      "manualEntriesOnly": true,
      "category": "monthly",
      "expirationDate": null,
      "createdAt": 1747944570417,
      "winner": "1112677055662919692",
      "winnerSelectedAt": 1748110030264,
      "selectedBy": "659745190382141453",
      "lastModified": 1748109922776,
      "modifiedBy": "659745190382141453",
      "vipOnly": true
    },
    "supportdraw": {
      "name": "Support Draw",
      "minAmount": 0,
      "maxAmount": 1000000,
      "reward": "100 AEGS",
      "maxEntries": 200,
      "entries": {
        "886879667783622658": 1,
        "437375311840018432": 2,
        "930172814558904381": 2,
        "1306325116774383617": 4
      },
      "active": true,
      "drawTime": 1748026808179,
      "drawTimeFormatted": "Friday, May 23, 2025 at 07:00 PM UTC",
      "notificationSent": false,
      "manualEntriesOnly": true,
      "category": "weekly",
      "expirationDate": null,
      "createdAt": 1747944570417
    },
    "draw_1748108267199": {
      "id": "draw_1748108267199",
      "name": "test",
      "reward": "0",
      "minAmount": 0,
      "maxAmount": 1000000,
      "maxEntries": 0,
      "vipOnly": true,
      "manualEntriesOnly": true,
      "active": false,
      "entries": {},
      "createdBy": "659745190382141453",
      "createdAt": 1748108267199
    },
    "draw_1748109824933": {
      "id": "draw_1748109824933",
      "name": "test",
      "reward": "1",
      "minAmount": 1,
      "maxAmount": 1,
      "maxEntries": 100,
      "vipOnly": true,
      "manualEntriesOnly": true,
      "active": false,
      "entries": {},
      "createdBy": "659745190382141453",
      "createdAt": 1748109824933
    }
  },
  "users": {
    "659745190382141453": {
      "username": "daimondsteel2509",
      "totalDonated": 6.377744419957828,
      "entries": {
        "montlydonor": 37
      },
      "privacyEnabled": true,
      "wins": 2
    },
    "1112677055662919692": {
      "username": "screendoor_zombie",
      "totalDonated": 0.9700789742316092,
      "entries": {
        "montlydonor": 4
      },
      "privacyEnabled": false,
      "wins": 1
    },
    "1368964830114877541": {
      "username": "aegisumdrops",
      "totalDonated": 0.07755548705057497,
      "entries": {},
      "privacyEnabled": false
    },
    "268317949893279745": {
      "username": "hippocritical2550",
      "totalDonated": 6.185637853800001,
      "entries": {},
      "privacyEnabled": false
    },
    "1306325116774383617": {
      "username": "dimeattree",
      "totalDonated": 38.482766,
      "entries": {
        "supportdraw": 4
      },
      "privacyEnabled": false
    },
    "458048449041006592": {
      "username": "luketherock868",
      "totalDonated": 3.9960899999999997,
      "entries": {},
      "privacyEnabled": false
    },
    "778507526261702686": {
      "username": "mr.khan4505",
      "totalDonated": 0.0003329911488778293,
      "entries": {},
      "privacyEnabled": false
    },
    "1025473625886830727": {
      "username": "_boguta",
      "totalDonated": 0.000359990431219275,
      "entries": {},
      "privacyEnabled": false
    },
    "284732630279127043": {
      "username": "badonkabonc",
      "totalDonated": 15.477521368800002,
      "entries": {},
      "privacyEnabled": false,
      "wins": 1
    },
    "1351456484046667799": {
      "username": "sugarknight0036_72582",
      "totalDonated": 0.615073263607,
      "entries": {},
      "privacyEnabled": false
    },
    "757811037880975490": {
      "username": "pkm_25",
      "totalDonated": 50.02031424,
      "entries": {},
      "privacyEnabled": false
    },
    "855249903911305216": {
      "username": "cryptotusa",
      "totalDonated": 17.986036000000002,
      "entries": {},
      "privacyEnabled": false
    },
    "544589842282053694": {
      "username": "quxlant",
      "totalDonated": 9.99,
      "entries": {},
      "privacyEnabled": false,
      "wins": 1
    },
    "788083598128840716": {
      "username": "chayping",
      "totalDonated": 5,
      "entries": {},
      "privacyEnabled": false
    },
    "882795921631490109": {
      "username": "drew02846088",
      "totalDonated": 13.4458248,
      "entries": {},
      "privacyEnabled": false,
      "wins": 1
    },
    "421519277661880320": {
      "username": "olzoy",
      "totalDonated": 0,
      "entries": {},
      "privacyEnabled": false
    },
    "554862480564682754": {
      "username": "vickers_advc",
      "totalDonated": 0,
      "entries": {},
      "privacyEnabled": false
    },
    "987508062493491221": {
      "username": "webtaner",
      "totalDonated": 0,
      "entries": {},
      "privacyEnabled": false
    },
    "716036633761153114": {
      "username": "phr3ak.",
      "totalDonated": 0,
      "entries": {},
      "privacyEnabled": false
    },
    "544259984607674378": {
      "username": "imposingblade3443",
      "totalDonated": 0,
      "entries": {},
      "privacyEnabled": false
    },
    "1176369474878849094": {
      "username": "sun.god.ra",
      "totalDonated": 0,
      "entries": {},
      "privacyEnabled": false
    },
    "284743374982873089": {
      "username": "un.stop.pa.ble",
      "totalDonated": 0,
      "entries": {},
      "privacyEnabled": false
    },
    "835709861039833139": {
      "username": "henrylev",
      "totalDonated": 0,
      "entries": {},
      "privacyEnabled": false
    },
    "1196874848975212545": {
      "username": "jconn3407_95226",
      "totalDonated": 0,
      "entries": {},
      "privacyEnabled": false
    },
    "840784353993687061": {
      "username": "burcu34",
      "totalDonated": 0,
      "entries": {},
      "privacyEnabled": false
    },
    "185830065764827137": {
      "username": "lordofshadows.",
      "totalDonated": 0,
      "entries": {},
      "privacyEnabled": false
    },
    "1315295767879090314": {
      "username": "merkyra",
      "totalDonated": 0,
      "entries": {},
      "privacyEnabled": false
    },
    "339172444029976578": {
      "username": "michaelsacksloth",
      "totalDonated": 0,
      "entries": {},
      "privacyEnabled": false
    },
    "717875829622833162": {
      "username": "pickyram",
      "totalDonated": 0,
      "entries": {},
      "privacyEnabled": false
    },
    "1181247806397239348": {
      "username": "pjfoxy",
      "totalDonated": 0,
      "entries": {},
      "privacyEnabled": false
    },
    "883438084400746527": {
      "username": "ameepch",
      "totalDonated": 0,
      "entries": {},
      "privacyEnabled": false
    },
    "958718869508358205": {
      "username": "sillycat.1",
      "totalDonated": 0,
      "entries": {},
      "privacyEnabled": false
    },
    "293547148031688705": {
      "username": "stonewa11",
      "totalDonated": 0,
      "entries": {},
      "privacyEnabled": false
    },
    "886879667783622658": {
      "username": "wackybacky2651",
      "totalDonated": 1.9891960000000002,
      "entries": {
        "supportdraw": 1
      },
      "privacyEnabled": false
    },
    "403606490285604864": {
      "username": "erikbond",
      "totalDonated": 0,
      "entries": {},
      "privacyEnabled": false
    },
    "854196399796256768": {
      "username": "lbarr003",
      "totalDonated": 0,
      "entries": {},
      "privacyEnabled": false
    },
    "136461374812323840": {
      "username": "davation",
      "totalDonated": 0,
      "entries": {},
      "privacyEnabled": false
    },
    "532853547814092811": {
      "username": "theonlycrusadist",
      "totalDonated": 0,
      "entries": {},
      "privacyEnabled": false
    },
    "1198804989687103599": {
      "username": "therealcriptoe",
      "totalDonated": 0,
      "entries": {},
      "privacyEnabled": false
    },
    "717106914328182784": {
      "username": "astro_apk",
      "totalDonated": 0,
      "entries": {},
      "privacyEnabled": false
    },
    "1143305132629577748": {
      "username": "lilbuddhaa.",
      "totalDonated": 0,
      "entries": {},
      "privacyEnabled": false
    },
    "1130560497150857356": {
      "username": "abel2334",
      "totalDonated": 0,
      "entries": {},
      "privacyEnabled": false
    },
    "570190626898051084": {
      "username": "poydubs",
      "totalDonated": 0,
      "entries": {},
      "privacyEnabled": false
    },
    "622586234354663486": {
      "username": "spartacusson",
      "totalDonated": 0,
      "entries": {},
      "privacyEnabled": false
    },
    "776384109945552916": {
      "username": "fury_717",
      "totalDonated": 0,
      "entries": {},
      "privacyEnabled": false
    },
    "859131200395935756": {
      "username": "__delpiero__",
      "totalDonated": 0,
      "entries": {},
      "privacyEnabled": false
    },
    "139841584207364096": {
      "username": "fantoma6",
      "totalDonated": 0,
      "entries": {},
      "privacyEnabled": false
    },
    "1007308769472024666": {
      "username": "error_404.f",
      "totalDonated": 0,
      "entries": {},
      "privacyEnabled": false,
      "wins": 1
    },
    "1323559800839208981": {
      "username": "nanoquanta.",
      "totalDonated": 0,
      "entries": {},
      "privacyEnabled": false
    },
    "1094914091560210483": {
      "username": "alishba4",
      "totalDonated": 0,
      "entries": {},
      "privacyEnabled": false
    },
    "708425896570388561": {
      "username": "sloths13",
      "totalDonated": 0,
      "entries": {},
      "privacyEnabled": false
    },
    "1072505993373692025": {
      "username": "aymen15n",
      "totalDonated": 0.4490896707,
      "entries": {
        "montlydonor": 0
      },
      "privacyEnabled": false
    },
    "437375311840018432": {
      "totalDonated": 0,
      "entries": {
        "supportdraw": 2
      },
      "donations": [],
      "achievements": [],
      "privacyEnabled": false,
      "wins": 0
    },
    "930172814558904381": {
      "totalDonated": 0,
      "entries": {
        "supportdraw": 2
      },
      "donations": [],
      "achievements": [],
      "privacyEnabled": false,
      "wins": 0
    }
  },
  "config": {
    "allowedRecipients": [
      {
        "type": "role"
      },
      {
        "type": "role",
        "id": "1334745512682717204",
        "name": "AegisumDonation"
      },
      {
        "type": "user",
        "id": "1335058459720417280",
        "name": "aegisum"
      },
      {
        "id": "659745190382141453",
        "type": "user",
        "name": "daimondsteel2509"
      },
      "daimondsteel259",
      "<@1335058459720417280>"
    ],
    "adminRoleId": "1369571698004856842",
    "notificationChannelId": "1341173038514704465",
    "logChannelId": "1334743307711942797",
    "acceptedCryptocurrencies": [
      "AEGS",
      "LTC",
      "SOL",
      "USDT",
      "BTC",
      "XRP",
      "DOGE",
      "SHIB",
      "SHIC",
      "BNB",
      "USDC",
      "ETH",
      "XLA",
      "ADA",
      "AVAX",
      "TON",
      "TRON",
      "BONC",
      "PEPE",
      "PEP"
    ],
    "donationGoals": {},
    "featureToggles": {
      "vipDraws": true,
      "streakBonuses": true,
      "referralSystem": true,
      "milestoneRewards": true,
      "luckyNumbers": true,
      "multiWinnerDraws": true,
      "personalDashboard": true,
      "drawNotifications": true,
      "donationStreaks": true,
      "achievementSystem": true,
      "seasonalLeaderboards": true,
      "advancedAnalytics": true,
      "automatedDraws": true,
      "drawTemplates": true,
      "bulkUserManagement": true,
      "customEmbedThemes": true,
      "dailyWeeklyChallenges": true,
      "donationMultipliers": true,
      "communityGoals": true,
      "seasonalEvents": true,
      "donorSpotlight": true,
      "blacklistSystem": true,
      "antifraudDetection": true,
      "cooldownPeriods": true,
      "adminActionLogging": true,
      "roleBasedPermissions": true,
      "backupAutomation": true,
      "anonymousMode": true,
      "contextSensitiveHelp": true
    },
    "theme": {
      "primary": "#4CAF50",
      "secondary": "#2196F3",
      "accent": "#FF9800",
      "error": "#F44336",
      "warning": "#FFC107",
      "info": "#00BCD4",
      "success": "#8BC34A",
      "vip": "#9C27B0",
      "special": "#E91E63"
    },
    "globalBlacklist": {
      "users": [],
      "roles": []
    },
    "seasonalLeaderboard": {
      "startDate": null,
      "endDate": null,
      "name": "Season 1",
      "active": false
    },
    "cooldowns": {
      "donation": 0
    },
    "adminRoles": {},
    "language": "en"
  },
  "pendingTips": {},
  "drawHistory": [
    {
      "drawId": "montlydonor",
      "drawName": "Monthly Donor Draw",
      "drawTime": 1748110310965,
      "winnerId": "659745190382141453",
      "winnerUsername": "🕶️ Anonymous",
      "winnerRealUsername": "daimondsteel2509",
      "reward": "250",
      "totalEntries": 41,
      "winnerEntries": 37,
      "winnerPosition": 1,
      "totalWinners": 1
    },
    {
      "drawId": "small",
      "drawName": "Baby Donor",
      "drawTime": 1748110387001,
      "winnerId": "882795921631490109",
      "winnerUsername": "drew02846088",
      "winnerRealUsername": "drew02846088",
      "reward": "1000 AEGS",
      "totalEntries": 19,
      "winnerEntries": 3,
      "winnerPosition": 1,
      "totalWinners": 1
    },
    {
      "drawId": "medium",
      "drawName": "Medium Donor",
      "drawTime": 1748110394774,
      "winnerId": "544589842282053694",
      "winnerUsername": "quxlant",
      "winnerRealUsername": "quxlant",
      "reward": "3000 AEGS",
      "totalEntries": 18,
      "winnerEntries": 5,
      "winnerPosition": 1,
      "totalWinners": 1
    },
    {
      "drawId": "large",
      "drawName": "Vip Donor",
      "drawTime": 1748110402994,
      "winnerId": "284732630279127043",
      "winnerUsername": "badonkabonc",
      "winnerRealUsername": "badonkabonc",
      "reward": "6000 AEGS",
      "totalEntries": 10,
      "winnerEntries": 3,
      "winnerPosition": 1,
      "totalWinners": 1
    },
    {
      "drawId": "supportdraw",
      "drawName": "Support Draw",
      "drawTime": 1748110457317,
      "winnerId": "1007308769472024666",
      "winnerUsername": "error_404.f",
      "winnerRealUsername": "error_404.f",
      "reward": "100",
      "totalEntries": 32,
      "winnerEntries": 6,
      "winnerPosition": 1,
      "totalWinners": 1
    }
  ],
  "entryHistory": [],
  "backups": [],
  "achievements": {},
  "referrals": {},
  "challenges": {},
  "templates": {},
  "analytics": {
    "dailyDonations": {},
    "weeklyDonations": {},
    "monthlyDonations": {},
    "totalDonations": 0,
    "donorCount": 0,
    "averageDonation": 0,
    "lastUpdated": 1748019884132,
    "commandUsage": {}
  },
  "scheduledTasks": [],
  "donationMultipliers": [],
  "luckyNumbers": {},
  "metrics": {
    "commandUsage": {},
    "featureUsage": {},
    "lastReset": 1748019884132
  }
}