{
  "raffles": {
    "small": {
      "name": "Small Prize Raffle",
      "minAmount": 5,
      "maxAmount": 19.99,
      "entries": {},
      "prize": "10 USDT",
      "maxTickets": 100,
      "active": true
    },
    "medium": {
      "name": "Medium Prize Raffle",
      "minAmount": 20,
      "maxAmount": 49.99,
      "entries": {},
      "prize": "50 USDT",
      "maxTickets": 50,
      "active": true
    },
    "large": {
      "name": "Large Prize Raffle",
      "minAmount": 50,
      "maxAmount": 1000000,
      "entries": {},
      "prize": "200 USDT",
      "maxTickets": 20,
      "active": true
    }
  },
  "users": {},
  "config": {
    "allowedRecipients": [],
    "adminRoleId": null,
    "featureToggles": {
      "vipDraws": true,
      "streakBonuses": true,
      "referralSystem": true,
      "milestoneRewards": true,
      "luckyNumbers": true,
      "multiWinnerDraws": true,
      "personalDashboard": true,
      "drawNotifications": true,
      "donationStreaks": true,
      "achievementSystem": true,
      "seasonalLeaderboards": true,
      "advancedAnalytics": true,
      "automatedDraws": true,
      "drawTemplates": true,
      "bulkUserManagement": true,
      "customEmbedThemes": true,
      "dailyWeeklyChallenges": true,
      "donationMultipliers": true,
      "communityGoals": true,
      "seasonalEvents": true,
      "donorSpotlight": true,
      "blacklistSystem": true,
      "antifraudDetection": true,
      "cooldownPeriods": true,
      "adminActionLogging": true,
      "roleBasedPermissions": true,
      "backupAutomation": true,
      "anonymousMode": true,
      "contextSensitiveHelp": true
    },
    "theme": {
      "primary": "#4CAF50",
      "secondary": "#2196F3",
      "accent": "#FF9800",
      "error": "#F44336",
      "warning": "#FFC107",
      "info": "#00BCD4",
      "success": "#8BC34A",
      "vip": "#9C27B0",
      "special": "#E91E63"
    },
    "acceptedCryptocurrencies": [
      "AEGS",
      "LTC",
      "SOL",
      "USDT",
      "BTC",
      "XRP",
      "DOGE",
      "SHIB",
      "SHIC",
      "BNB",
      "USDC",
      "ETH",
      "XLA",
      "ADA",
      "AVAX",
      "TON",
      "TRON",
      "PEP",
      "BONC"
    ]
  },
  "donationDraws": {},
  "pendingTips": {},
  "drawHistory": {},
  "entryHistory": {},
  "backups": {},
  "achievements": {},
  "referrals": {},
  "challenges": {},
  "templates": {},
  "scheduledTasks": {},
  "donationMultipliers": {},
  "luckyNumbers": {},
  "analytics": {
    "dailyDonations": {},
    "weeklyDonations": {},
    "monthlyDonations": {},
    "totalDonations": 0,
    "donorCount": 0,
    "averageDonation": 0,
    "lastUpdated": 1748075733734
  }
}