{
  "users": {
    "1279715815821938732": {
      "username": "rem_021",
      "totalTipped": 15.824900000000001,
      "entries": {},
      "totalDonated": 0,
      "privacyEnabled": false
    },
    "715274042424426616": {
      "username": "chinchita",
      "totalDonated": 0,
      "entries": {},
      "privacyEnabled": false
    },
    "757811037880975490": {
      "username": "pkm_25",
      "totalDonated": 0,
      "entries": {},
      "privacyEnabled": false
    },
    "1351456484046667799": {
      "username": "sugarknight0036_72582",
      "totalDonated": 83.60501395382781,
      "entries": {
        "small": 300
      },
      "privacyEnabled": false
    },
    "1112677055662919692": {
      "username": "screendoor_zombie",
      "totalDonated": 0,
      "entries": {},
      "privacyEnabled": false
    }
  },
  "config": {
    "allowedRecipients": [
      {
        "type": "user",
        "id": "659745190382141453",
        "name": "daimondsteel2509"
      },
      {
        "type": "user",
        "id": "1351456484046667799",
        "name": "sugarknight0036_72582"
      }
    ],
    "adminRoleId": "1369013609362886697",
    "notificationChannelId": null,
    "logChannelId": "1346673744969728010",
    "featureToggles": {
      "vipDraws": true,
      "streakBonuses": true,
      "referralSystem": true,
      "milestoneRewards": true,
      "luckyNumbers": true,
      "multiWinnerDraws": true,
      "personalDashboard": true,
      "drawNotifications": true,
      "donationStreaks": true,
      "achievementSystem": true,
      "seasonalLeaderboards": true,
      "advancedAnalytics": true,
      "automatedDraws": true,
      "drawTemplates": true,
      "bulkUserManagement": true,
      "customEmbedThemes": true,
      "dailyWeeklyChallenges": true,
      "donationMultipliers": true,
      "communityGoals": true,
      "seasonalEvents": true,
      "donorSpotlight": true,
      "blacklistSystem": true,
      "antifraudDetection": true,
      "cooldownPeriods": true,
      "adminActionLogging": true,
      "roleBasedPermissions": true,
      "backupAutomation": true,
      "anonymousMode": true,
      "contextSensitiveHelp": true
    },
    "theme": {
      "primary": "#4CAF50",
      "secondary": "#2196F3",
      "accent": "#FF9800",
      "error": "#F44336",
      "warning": "#FFC107",
      "info": "#00BCD4",
      "success": "#8BC34A",
      "vip": "#9C27B0",
      "special": "#E91E63"
    },
    "acceptedCryptocurrencies": [
      "AEGS",
      "LTC",
      "SOL",
      "USDT",
      "BTC",
      "XRP",
      "DOGE",
      "SHIB",
      "SHIC",
      "BNB",
      "USDC",
      "ETH",
      "XLA",
      "ADA",
      "AVAX",
      "TON",
      "TRON",
      "PEP",
      "BONC"
    ]
  },
  "pendingTips": {},
  "donationDraws": {
    "small": {
      "name": "Starter",
      "minAmount": 0.1,
      "maxAmount": 0.1,
      "entries": {
        "1351456484046667799": 300
      },
      "active": true,
      "reward": "1000 AEGS",
      "maxEntries": 300,
      "drawTime": null,
      "drawTimeFormatted": null,
      "notificationSent": false
    },
    "medium": {
      "name": "Baller",
      "minAmount": 0.2,
      "maxAmount": 0.2,
      "entries": {},
      "active": true,
      "reward": "3000",
      "maxEntries": 300,
      "drawTime": null,
      "drawTimeFormatted": null,
      "notificationSent": false
    },
    "large": {
      "name": "Whale",
      "minAmount": 0.3,
      "maxAmount": 0.3,
      "entries": {},
      "active": true,
      "reward": "6000",
      "maxEntries": 400,
      "drawTime": null,
      "drawTimeFormatted": null,
      "notificationSent": false
    }
  },
  "drawHistory": [
    {
      "drawId": "large",
      "drawName": "Whale",
      "drawTime": 1746551164933,
      "winnerId": "1279715815821938732",
      "winnerUsername": "rem_021",
      "reward": "6000",
      "totalEntries": 10,
      "winnerEntries": 10
    },
    {
      "drawId": "large",
      "drawName": "Whale",
      "drawTime": 1746551194115,
      "winnerId": "1279715815821938732",
      "winnerUsername": "rem_021",
      "reward": "6000",
      "totalEntries": 10,
      "winnerEntries": 10
    },
    {
      "drawId": "small",
      "drawName": "Starter",
      "drawTime": 1746596500455,
      "winnerId": "1351456484046667799",
      "winnerUsername": "sugarknight0036_72582",
      "reward": "1000 AEGS",
      "totalEntries": 300,
      "winnerEntries": 300
    }
  ],
  "entryHistory": {},
  "backups": {},
  "achievements": {},
  "referrals": {},
  "challenges": {},
  "templates": {},
  "scheduledTasks": {},
  "donationMultipliers": {},
  "luckyNumbers": {},
  "analytics": {
    "dailyDonations": {},
    "weeklyDonations": {},
    "monthlyDonations": {},
    "totalDonations": 0,
    "donorCount": 0,
    "averageDonation": 0,
    "lastUpdated": 1748075733734
  }
}