{
  "donationDraws": {},
  "users": {},
  "config": {
    "allowedRecipients": [],
    "adminRoleId": null,
    "notificationChannelId": null,
    "logChannelId": null,
    "acceptedCryptocurrencies": [
      "AEGS",
      "LTC",
      "SOL",
      "USDT",
      "BTC",
      "XRP",
      "DOGE",
      "SHIB",
      "SHIC",
      "BNB",
      "USDC",
      "ETH",
      "XLA",
      "ADA",
      "AVAX",
      "TON",
      "TRON",
      "PEP",
      "BONC"
    ],
    "donationGoals": {},
    "featureToggles": {
      "vipDraws": true,
      "streakBonuses": true,
      "referralSystem": true,
      "milestoneRewards": true,
      "luckyNumbers": true,
      "multiWinnerDraws": true,
      "personalDashboard": true,
      "drawNotifications": true,
      "donationStreaks": true,
      "achievementSystem": true,
      "seasonalLeaderboards": true,
      "advancedAnalytics": true,
      "automatedDraws": true,
      "drawTemplates": true,
      "bulkUserManagement": true,
      "customEmbedThemes": true,
      "dailyWeeklyChallenges": true,
      "donationMultipliers": true,
      "communityGoals": true,
      "seasonalEvents": true,
      "donorSpotlight": true,
      "blacklistSystem": true,
      "antifraudDetection": true,
      "cooldownPeriods": true,
      "adminActionLogging": true,
      "roleBasedPermissions": true,
      "backupAutomation": true,
      "anonymousMode": true
    },
    "theme": {
      "primary": "#4CAF50",
      "secondary": "#2196F3",
      "accent": "#FF9800",
      "error": "#F44336",
      "warning": "#FFC107",
      "info": "#00BCD4",
      "success": "#8BC34A",
      "vip": "#9C27B0",
      "special": "#E91E63"
    },
    "globalBlacklist": {
      "users": [],
      "roles": []
    },
    "seasonalLeaderboard": {
      "startDate": null,
      "endDate": null,
      "name": "Season 1",
      "active": false
    },
    "cooldowns": {
      "donation": 0
    },
    "adminRoles": {}
  },
  "pendingTips": {},
  "drawHistory": [],
  "entryHistory": [],
  "backups": [],
  "achievements": {},
  "referrals": {},
  "challenges": {},
  "templates": {},
  "analytics": {
    "dailyDonations": {},
    "weeklyDonations": {},
    "monthlyDonations": {},
    "totalDonations": 0,
    "donorCount": 0,
    "averageDonation": 0,
    "lastUpdated": 1748589918294
  },
  "scheduledTasks": [],
  "donationMultipliers": [],
  "luckyNumbers": {}
}